timeline,survival,complexity
0.0,1.0,Low
63.0,0.9994692144373672,Low
66.0,0.9989384288747342,Low
68.0,0.9978768577494693,Low
72.0,0.997346072186836,Low
74.0,0.9962845010615707,Low
75.0,0.9957537154989383,Low
78.0,0.9946921443736728,Low
80.0,0.9941613588110402,Low
83.0,0.9936305732484072,Low
84.0,0.9930997876857744,Low
86.0,0.9925690021231426,Low
89.0,0.9920382165605097,Low
90.0,0.9915074309978771,Low
91.0,0.9909766454352438,Low
92.0,0.9888535031847135,Low
94.0,0.987261146496815,Low
95.0,0.9867303609341825,Low
96.0,0.9861995753715496,Low
97.0,0.9835456475583861,Low
99.0,0.9830148619957538,Low
100.0,0.9824840764331205,Low
102.0,0.98036093418259,Low
104.0,0.9792993630573247,Low
105.0,0.9766454352441608,Low
106.0,0.9745222929936308,Low
107.0,0.9739915074309974,Low
108.0,0.9718683651804667,Low
109.0,0.9708067940552019,Low
110.0,0.9697452229299357,Low
111.0,0.9681528662420378,Low
113.0,0.9670912951167727,Low
114.0,0.9660297239915073,Low
115.0,0.9654989384288744,Low
116.0,0.9649681528662419,Low
117.0,0.9639065817409762,Low
119.0,0.9623142250530782,Low
120.0,0.9612526539278128,Low
121.0,0.9601910828025474,Low
122.0,0.9580679405520166,Low
123.0,0.9570063694267518,Low
124.0,0.955944798301486,Low
125.0,0.9548832271762211,Low
126.0,0.9538216560509555,Low
127.0,0.9506369426751587,Low
128.0,0.948513800424628,Low
129.0,0.9469214437367306,Low
130.0,0.9453290870488319,Low
131.0,0.9421443736730363,Low
132.0,0.9389596602972395,Low
133.0,0.9378980891719745,Low
134.0,0.9363057324840766,Low
136.0,0.9352441613588105,Low
137.0,0.9341825902335453,Low
138.0,0.9294055201698515,Low
139.0,0.926220806794055,Low
140.0,0.9251592356687897,Low
141.0,0.9235668789808918,Low
142.0,0.9193205944798301,Low
144.0,0.9177282377919324,Low
145.0,0.9161358811040338,Low
146.0,0.9134819532908703,Low
147.0,0.908704883227176,Low
148.0,0.9071125265392779,Low
149.0,0.9039278131634819,Low
150.0,0.9012738853503179,Low
151.0,0.8986199575371551,Low
152.0,0.894904458598726,Low
153.0,0.8917197452229298,Low
154.0,0.8901273885350319,Low
155.0,0.8874734607218684,Low
156.0,0.8842887473460717,Low
157.0,0.8832271762208068,Low
158.0,0.8800424628450108,Low
159.0,0.8795116772823774,Low
160.0,0.876857749469214,Low
161.0,0.8742038216560509,Low
162.0,0.8720806794055198,Low
163.0,0.8688959660297239,Low
164.0,0.863588110403397,Low
165.0,0.8619957537154989,Low
166.0,0.8588110403397023,Low
167.0,0.8556263269639063,Low
168.0,0.8529723991507429,Low
169.0,0.8481953290870488,Low
170.0,0.8466029723991506,Low
171.0,0.8450106157112527,Low
172.0,0.8412951167728235,Low
173.0,0.8370488322717622,Low
174.0,0.8333333333333331,Low
175.0,0.8312101910828023,Low
176.0,0.8290870488322719,Low
177.0,0.8269639065817409,Low
178.0,0.8253715498938428,Low
179.0,0.8221868365180466,Low
180.0,0.8195329087048834,Low
181.0,0.8163481953290866,Low
182.0,0.8115649051220801,Low
183.0,0.8094376052397159,Low
184.0,0.8067784803867596,Low
185.0,0.8030507910384383,Low
186.0,0.7987877476885327,Low
187.0,0.7939918239198892,Low
188.0,0.7897201799445301,Low
189.0,0.7865164469630108,Low
190.0,0.7833083581242759,Low
191.0,0.7779505718169965,Low
192.0,0.7741949483668455,Low
193.0,0.7715011594024517,Low
194.0,0.7666523392665422,Low
195.0,0.7644942749758553,Low
196.0,0.758547006924417,Low
197.0,0.7553007287207462,Low
198.0,0.7482671259461262,Low
199.0,0.743935623046293,Low
200.0,0.7379754687465775,Low
201.0,0.7347220868123533,Low
202.0,0.7325531655228703,Low
203.0,0.7282121097271791,Low
204.0,0.7249514584895946,Low
205.0,0.721141653527562,Low
206.0,0.7195064116828279,Low
207.0,0.7151457667635379,Low
208.0,0.7146006861486269,Low
209.0,0.7113302024591598,Low
210.0,0.7042332779526601,Low
211.0,0.7009526881485325,Low
212.0,0.6965785684096961,Low
213.0,0.6927482070751568,Low
214.0,0.68946244482816,Low
215.0,0.6872701954010438,Low
216.0,0.6845276966165227,Low
217.0,0.6806881983181926,Low
218.0,0.676848700019863,Low
219.0,0.6724535785911628,Low
220.0,0.6686047028347132,Low
221.0,0.6658509767110116,Low
222.0,0.663094971012704,Low
223.0,0.6586816933354149,Low
224.0,0.6559233947871088,Low
225.0,0.6531650962388031,Low
226.0,0.649303478271175,Low
227.0,0.6443343189986914,Low
228.0,0.6404694173423154,Low
229.0,0.6393642069586362,Low
230.0,0.6354926243905473,Low
231.0,0.6310641043599516,Low
232.0,0.628296279340829,Low
233.0,0.626082019325531,Low
234.0,0.6227606293025837,Low
235.0,0.6172200543087888,Low
236.0,0.6116745012601924,Low
237.0,0.608899208604747,Low
238.0,0.6038945575751187,Low
239.0,0.6027803609744262,Low
240.0,0.599992292699799,Low
241.0,0.597755601953481,Low
242.0,0.5960780838937425,Low
243.0,0.5921638750876862,Low
244.0,0.5882496662816299,Low
245.0,0.5843317332045872,Low
246.0,0.5815305264298766,Low
247.0,0.5753619287531854,Low
248.0,0.5731166139092702,Low
249.0,0.5703072187430483,Low
250.0,0.5669259506477337,Low
251.0,0.5612848964124328,Low
252.0,0.5584643692947824,Low
253.0,0.555643842177132,Low
254.0,0.5533828295945191,Low
255.0,0.5499878429098899,Low
256.0,0.5460270251111563,Low
257.0,0.5426214511499639,Low
258.0,0.5403463087971336,Low
259.0,0.5375023808560963,Low
260.0,0.5329520961504359,Low
261.0,0.5312457393858135,Low
262.0,0.5295393826211909,Low
263.0,0.5261266690919457,Low
264.0,0.5227102621497904,Low
265.0,0.5187244540506089,Low
266.0,0.5135998436373759,Low
267.0,0.5079058320671166,Low
268.0,0.5061976285960388,Low
269.0,0.5044894251249611,Low
270.0,0.49992906873965076,Low
271.0,0.49935902419148714,Low
272.0,0.4982189350951593,Low
273.0,0.49308265741376583,Low
274.0,0.4885170772525274,Low
275.0,0.4833687708177817,Low
276.0,0.48050521174895566,Low
277.0,0.47763823554520324,Low
278.0,0.47534189787431275,Low
279.0,0.4724714757856998,Low
280.0,0.4690269692793643,Low
281.0,0.4673047160261963,Low
282.0,0.4627063916372549,Low
283.0,0.4598180870702307,Low
284.0,0.45634776188479476,Low
285.0,0.45229391120815315,Low
286.0,0.449977425107215,Low
287.0,0.44881918205674615,Low
288.0,0.4459235744305733,Low
289.0,0.4436070883296353,Low
290.0,0.4424488452791665,Low
291.0,0.43780980102984374,Low
292.0,0.43665003996751295,Low
293.0,0.43374678172304804,Low
294.0,0.43200249171611904,Low
295.0,0.4314210617138093,Low
296.0,0.42909220308107626,Low
297.0,0.42734318594895204,Low
298.0,0.4250079772825644,Low
299.0,0.42150034610829307,Low
300.0,0.41740810973830944,Low
301.0,0.4162372595006142,Low
302.0,0.4121392836686813,Low
303.0,0.4097942521826574,Low
304.0,0.40744586105267094,Low
305.0,0.4056845677051811,Low
306.0,0.40040068766271125,Low
307.0,0.3980419207250812,Low
308.0,0.39331036743265824,Low
309.0,0.38976170246334096,Low
310.0,0.38739233041189214,Low
311.0,0.3850120395952295,Low
312.0,0.3838218941868979,Low
313.0,0.38144160337023486,Low
314.0,0.3778655883386389,Low
315.0,0.3748855758123092,Low
316.0,0.3719055632859791,Low
317.0,0.3695177266035652,Low
318.0,0.36772684909175457,Low
319.0,0.3659359715799443,Low
320.0,0.3617504294213503,Low
321.0,0.3599566256390954,Low
322.0,0.35876075645092576,Low
323.0,0.3563690180745863,Low
324.0,0.35577007854841053,Low
325.0,0.3527703308372096,Low
326.0,0.3503705326682491,Low
327.0,0.3485706840415284,Low
328.0,0.3473707849570484,Low
329.0,0.3437710877036075,Low
330.0,0.34196493487854474,Low
331.0,0.3395567311117944,Low
332.0,0.3359444254616688,Low
333.0,0.33413502999239586,Low
334.0,0.33051623905385014,Low
335.0,0.3275005799383951,Low
336.0,0.3232708676513677,Low
337.0,0.3214547391814161,Low
338.0,0.32023940935464335,Low
339.0,0.3190240795278704,Low
340.0,0.3123270091561021,Low
342.0,0.30988695439707015,Low
343.0,0.30622687225852196,Low
344.0,0.3031646035359368,Low
345.0,0.3019396960469027,Low
346.0,0.3001023348133515,Low
347.0,0.29826121619486456,Low
348.0,0.2970312730352979,Low
349.0,0.29457138671616506,Low
350.0,0.2927264719768156,Low
351.0,0.28965161407789936,Low
352.0,0.28657675617898315,Low
353.0,0.28596178459919985,Low
354.0,0.2853468130194168,Low
355.0,0.28164101025293103,Low
356.0,0.27854605409630545,Low
357.0,0.2773053144344066,Low
358.0,0.27482383511060865,Low
359.0,0.2729627256177602,Low
360.0,0.2729627256177602,Low
361.0,0.269839582304056,Low
362.0,0.2685874264696985,Low
363.0,0.2642048810494471,Low
364.0,0.26295272521508944,Low
365.0,0.26107449146355316,Low
366.0,0.25982233562919543,Low
367.0,0.2566843847157995,Low
368.0,0.252918843619724,Low
369.0,0.2510313895628605,Low
370.0,0.24976992529370037,Low
371.0,0.24913599147315796,Low
372.0,0.24850205765261552,Low
373.0,0.2453161338365564,Low
374.0,0.2446772897380236,Low
375.0,0.24211522387689252,Low
376.0,0.23955315801576138,Low
377.0,0.23763160861991292,Low
378.0,0.2357048658473192,Low
379.0,0.23442037066558985,Low
380.0,0.23313587548386053,Low
381.0,0.23120913271126672,Low
382.0,0.22928238993867273,Low
383.0,0.2279978947569436,Low
384.0,0.22671339957521425,Low
385.0,0.22413711094367783,Low
386.0,0.2222048944700255,Low
387.0,0.21898453368060483,Low
388.0,0.2170523172069523,Low
389.0,0.2164082450490682,Low
390.0,0.21576225028772783,Low
391.0,0.21382426600370621,Low
392.0,0.21188040904003624,Low
393.0,0.20993058932494382,Low
394.0,0.20863070951488227,Low
395.0,0.20668088979978994,Low
396.0,0.20538100998972839,Low
397.0,0.20408113017966673,Low
398.0,0.20408113017966673,Low
399.0,0.2021250810086157,Low
400.0,0.2001690318375645,Low
401.0,0.19886499905686383,Low
402.0,0.19756096627616299,Low
403.0,0.19625693349546225,Low
404.0,0.1956049171051119,Low
405.0,0.19495290071476165,Low
407.0,0.19234483515336015,Low
408.0,0.19104080237265939,Low
409.0,0.18908475320160817,Low
410.0,0.18843273681125786,Low
411.0,0.18712870403055715,Low
412.0,0.18647668764020667,Low
413.0,0.18517265485950601,Low
414.0,0.18386862207880528,Low
416.0,0.1812605565174037,Low
417.0,0.18060854012705335,Low
418.0,0.17930450734635267,Low
420.0,0.17734845817530157,Low
421.0,0.17538519111063028,Low
422.0,0.1734145709857917,Low
423.0,0.1721008242358993,Low
424.0,0.17144395086095324,Low
425.0,0.17077943942350773,Low
427.0,0.1694504165486165,Low
428.0,0.16878590511117103,Low
429.0,0.16679237079883427,Low
430.0,0.16679237079883427,Low
431.0,0.165452673041414,Low
433.0,0.16478282416270373,Low
434.0,0.1627484683088432,Low
435.0,0.16071411245498274,Low
436.0,0.15935787521907566,Low
437.0,0.15800163798316857,Low
439.0,0.15663955489710682,Low
443.0,0.15391538872498323,Low
444.0,0.15323434718195228,Low
445.0,0.1511821014607654,Low
446.0,0.14981393764664092,Low
447.0,0.14981393764664092,Low
448.0,0.14981393764664092,Low
449.0,0.1491235508372094,Low
450.0,0.1484331640277778,Low
451.0,0.14774277721834628,Low
452.0,0.14636200359948326,Low
453.0,0.14567161679005175,Low
454.0,0.14498122998062019,Low
455.0,0.14221968274289415,Low
456.0,0.1387677486957365,Low
458.0,0.13738007120877918,Low
459.0,0.13599239372182176,Low
460.0,0.13321703874790708,Low
463.0,0.1325232000044284,Low
464.0,0.13113552251747107,Low
465.0,0.1297478450305137,Low
466.0,0.12905027597120974,Low
467.0,0.128352706911906,Low
468.0,0.12765513785260219,Low
469.0,0.1262599997339945,Low
470.0,0.12486486161538678,Low
473.0,0.12346972349677907,Low
474.0,0.12277215443747522,Low
475.0,0.1213770163188676,Low
478.0,0.11998187820025989,Low
479.0,0.11928430914095614,Low
480.0,0.11788917102234842,Low
481.0,0.11649403290374077,Low
482.0,0.11440132572582927,Low
483.0,0.11369947710174437,Low
484.0,0.11229577985357471,Low
485.0,0.11019023398132018,Low
486.0,0.10807119102014091,Low
487.0,0.10736484336641453,Low
488.0,0.10595214805896168,Low
489.0,0.10524580040523529,Low
490.0,0.10453945275150885,Low
491.0,0.10383310509778244,Low
493.0,0.10171406213660324,Low
497.0,0.10030136682915042,Low
501.0,0.09959501917542402,Low
502.0,0.09888867152169754,Low
504.0,0.09746581293865157,Low
505.0,0.09675438364712859,Low
506.0,0.09460428623274791,Low
507.0,0.09317088795649416,Low
508.0,0.0902818681748975,Low
509.0,0.08883735828409905,Low
510.0,0.08667059344790154,Low
514.0,0.0859483385025024,Low
515.0,0.08522608355710323,Low
516.0,0.08305931872090568,Low
518.0,0.08089255388470809,Low
519.0,0.08017029893930892,Low
520.0,0.0794480439939098,Low
525.0,0.07872578904851056,Low
526.0,0.07872578904851056,Low
527.0,0.0779968465573206,Low
529.0,0.07726790406613071,Low
530.0,0.07653896157494079,Low
531.0,0.07581001908375089,Low
534.0,0.075081076592561,Low
535.0,0.07435213410137104,Low
536.0,0.07289424911899128,Low
537.0,0.07143636413661145,Low
539.0,0.07069990677437833,Low
541.0,0.06996344941214523,Low
543.0,0.06922699204991212,Low
555.0,0.06849053468767904,Low
561.0,0.06775407732544592,Low
566.0,0.06701761996321279,Low
569.0,0.06554470523874657,Low
570.0,0.0648082478765135,Low
571.0,0.06406332548712827,Low
572.0,0.0633184030977431,Low
573.0,0.06257348070835786,Low
575.0,0.06182855831897267,Low
579.0,0.06108363592958746,Low
580.0,0.06108363592958746,Low
583.0,0.06032951696749374,Low
584.0,0.05956585219575331,Low
587.0,0.0588021874240129,Low
588.0,0.05803852265227245,Low
591.0,0.05726467568357553,Low
592.0,0.05649082871487853,Low
596.0,0.05492163902835415,Low
597.0,0.05335244934182974,Low
598.0,0.0517832596553053,Low
599.0,0.050214069968780896,Low
600.0,0.04942947512551871,Low
603.0,0.047860285438994316,Low
605.0,0.047860285438994316,Low
607.0,0.0470626140150111,Low
609.0,0.04546727116704462,Low
610.0,0.044669599743061394,Low
614.0,0.043857425202278456,Low
615.0,0.043857425202278456,Low
616.0,0.04302992661355622,Low
618.0,0.042202428024833975,Low
619.0,0.04137492943611174,Low
626.0,0.0405474308473895,Low
631.0,0.03971993225866728,Low
634.0,0.03806493508122281,Low
641.0,0.036409937903778326,Low
642.0,0.0355824393150561,Low
652.0,0.034754940726333866,Low
653.0,0.03392744213761163,Low
659.0,0.03309994354888939,Low
663.0,0.03309994354888939,Low
670.0,0.03225122704763582,Low
678.0,0.03225122704763582,Low
679.0,0.03137957226256458,Low
682.0,0.03137957226256458,Low
685.0,0.030483013055062746,Low
698.0,0.030483013055062746,Low
700.0,0.02863555771839228,Low
704.0,0.02863555771839228,Low
707.0,0.0276810391277792,Low
708.0,0.02672652053716612,Low
709.0,0.02577200194655305,Low
736.0,0.024817483355939973,Low
738.0,0.023862964765326893,Low
743.0,0.021953927584100745,Low
744.0,0.02099940899348767,Low
766.0,0.020044890402874594,Low
767.0,0.018135853221648436,Low
770.0,0.017181334631035362,Low
784.0,0.016226816040422292,Low
788.0,0.015272297449809204,Low
790.0,0.01431777885919613,Low
806.0,0.013363260268583053,Low
818.0,0.011454223087356906,Low
825.0,0.010499704496743827,Low
844.0,0.009545185906130751,Low
883.0,0.00859066731551768,Low
890.0,0.007636148724904602,Low
901.0,0.007636148724904602,Low
913.0,0.007636148724904602,Low
916.0,0.007636148724904602,Low
926.0,0.007636148724904602,Low
1004.0,0.005727111543678452,Low
1079.0,0.0038180743624523007,Low
1108.0,0.0019090371812261501,Low
1132.0,0.0,Low
0.0,1.0,Medium
103.0,0.999530295913575,Medium
106.0,0.9990605918271493,Medium
112.0,0.9985908877407235,Medium
117.0,0.9981211836542976,Medium
119.0,0.9976514795678726,Medium
122.0,0.997181775481447,Medium
124.0,0.9967120713950212,Medium
125.0,0.9957726632221703,Medium
129.0,0.9953029591357452,Medium
132.0,0.9948332550493193,Medium
133.0,0.994363550962894,Medium
135.0,0.9934241427900422,Medium
136.0,0.9929544387036171,Medium
140.0,0.9920150305307659,Medium
144.0,0.9910756223579151,Medium
147.0,0.9901362141850639,Medium
153.0,0.9887271019257868,Medium
154.0,0.9877876937529362,Medium
155.0,0.9868482855800849,Medium
156.0,0.9863785814936592,Medium
157.0,0.9859088774072338,Medium
161.0,0.984499765147957,Medium
166.0,0.9840300610615312,Medium
168.0,0.98309065288868,Medium
169.0,0.9826209488022544,Medium
170.0,0.9821512447158289,Medium
171.0,0.981211836542978,Medium
172.0,0.9807421324565523,Medium
175.0,0.9802724283701268,Medium
177.0,0.9798027242837017,Medium
178.0,0.9788633161108505,Medium
179.0,0.9779239079379989,Medium
180.0,0.9774542038515733,Medium
181.0,0.9765147956787229,Medium
182.0,0.9755749354326413,Medium
183.0,0.9746350751865601,Medium
184.0,0.9741649183726738,Medium
185.0,0.9741649183726738,Medium
186.0,0.9736940798427696,Medium
187.0,0.9722801968613907,Medium
188.0,0.9722801968613907,Medium
190.0,0.9713366935165466,Medium
191.0,0.9703927317152669,Medium
192.0,0.9689754102960138,Medium
193.0,0.9689754102960138,Medium
194.0,0.9666085920002249,Medium
195.0,0.964240614067838,Medium
196.0,0.9632920251705751,Medium
197.0,0.9632920251705751,Medium
198.0,0.9628165602025736,Medium
199.0,0.9618651604395274,Medium
200.0,0.960912818696518,Medium
201.0,0.9590062456435486,Medium
202.0,0.9575748930381102,Medium
203.0,0.9570975376577321,Medium
204.0,0.956142350494401,Medium
205.0,0.9537519946181655,Medium
206.0,0.9523148996991032,Medium
207.0,0.9513568364197279,Medium
208.0,0.9503982904888267,Medium
209.0,0.9503982904888267,Medium
210.0,0.9494378071229972,Medium
211.0,0.9479970820742523,Medium
212.0,0.9479970820742523,Medium
213.0,0.947515865281321,Medium
214.0,0.947515865281321,Medium
215.0,0.9465524531153007,Medium
216.0,0.9455885504135535,Medium
217.0,0.9446241561754981,Medium
218.0,0.9441412194903375,Medium
219.0,0.9422094727496918,Medium
220.0,0.9407599197146919,Medium
221.0,0.9393088761367264,Medium
223.0,0.9378563366375452,Medium
224.0,0.9373716563602129,Medium
225.0,0.9373716563602129,Medium
226.0,0.9373716563602129,Medium
227.0,0.9368852154383864,Medium
228.0,0.9368852154383864,Medium
230.0,0.9354205694528129,Medium
231.0,0.9329769420508986,Medium
232.0,0.9324879604250859,Medium
233.0,0.9295509904709907,Medium
234.0,0.928079405789506,Medium
235.0,0.9266078211080214,Medium
236.0,0.9246425871290007,Medium
237.0,0.9231686616447354,Medium
238.0,0.9216939513226191,Medium
239.0,0.9207102864866289,Medium
240.0,0.9187429568146496,Medium
241.0,0.9182505972450806,Medium
242.0,0.9172658781059444,Medium
243.0,0.9162811589668074,Medium
244.0,0.9162811589668074,Medium
245.0,0.9143106618507502,Medium
246.0,0.9128319923167599,Medium
247.0,0.9113533227827693,Medium
248.0,0.9093796285266073,Medium
249.0,0.9074027162906805,Medium
250.0,0.9059192241114588,Medium
251.0,0.9049296891861599,Medium
252.0,0.9034445748165988,Medium
253.0,0.9004710874611959,Medium
254.0,0.8984865781775347,Medium
255.0,0.8979901767531273,Medium
256.0,0.8979901767531273,Medium
257.0,0.8960001708212647,Medium
258.0,0.8945051760979812,Medium
259.0,0.8930085137843761,Medium
260.0,0.8890151833705836,Medium
261.0,0.8880151662914265,Medium
262.0,0.8870145858223653,Medium
263.0,0.8865137306073325,Medium
264.0,0.8845091772311714,Medium
265.0,0.8830032024685759,Medium
266.0,0.8825009253340658,Medium
267.0,0.8814963710650459,Medium
268.0,0.880491816796026,Medium
269.0,0.8769738700394205,Medium
270.0,0.8764710180497188,Medium
271.0,0.8759681660600176,Medium
272.0,0.8734539061115097,Medium
273.0,0.8714401795268141,Medium
274.0,0.8674127263574242,Medium
275.0,0.8669090023583782,Medium
276.0,0.8653978303612395,Medium
277.0,0.8643897956141671,Medium
278.0,0.8623701932879662,Medium
279.0,0.8598456903802142,Medium
280.0,0.8593407897986641,Medium
281.0,0.8558044079476406,Medium
282.0,0.8517556585309755,Medium
283.0,0.8487172911402582,Medium
284.0,0.8456752936809742,Medium
285.0,0.8436472953747847,Medium
286.0,0.8421235495071603,Medium
287.0,0.8400918883503273,Medium
288.0,0.8395830501381221,Medium
289.0,0.8370373162080486,Medium
290.0,0.8365275492676056,Medium
291.0,0.8329548263604223,Medium
292.0,0.831423659400201,Medium
293.0,0.8304022544132228,Medium
294.0,0.8273361537815435,Medium
295.0,0.825802155968599,Medium
296.0,0.8237555583082059,Medium
297.0,0.8211941293333664,Medium
298.0,0.819655352076652,Medium
299.0,0.8186288582105571,Medium
300.0,0.8160561716668406,Medium
301.0,0.8134834851231248,Medium
302.0,0.8103962612706649,Medium
303.0,0.8067876265194595,Medium
304.0,0.8047242310552153,Medium
305.0,0.8026608355909708,Medium
306.0,0.8016291378588489,Medium
307.0,0.8011132889927877,Medium
308.0,0.7990498935285436,Medium
309.0,0.7959507989188659,Medium
310.0,0.7949170965826076,Medium
311.0,0.7928456513797868,Medium
312.0,0.7902563448762602,Medium
313.0,0.7902563448762602,Medium
314.0,0.7892185821121412,Medium
315.0,0.7866241752018452,Medium
316.0,0.7866241752018452,Medium
317.0,0.7850644445173738,Medium
318.0,0.7814250729202733,Medium
319.0,0.7803852524639587,Medium
320.0,0.7788255217794872,Medium
321.0,0.7783056115513304,Medium
322.0,0.7751819769899209,Medium
323.0,0.7736201597092157,Medium
324.0,0.7725782470362063,Medium
325.0,0.7704916076113955,Medium
326.0,0.7678815411899479,Medium
327.0,0.7663144360038459,Medium
328.0,0.7637008124158384,Medium
329.0,0.7621315641711481,Medium
330.0,0.7595125553595631,Medium
331.0,0.7579389796233214,Medium
332.0,0.7574137273851902,Medium
333.0,0.7553127184326655,Medium
334.0,0.7547867346454564,Medium
335.0,0.7516286311532161,Medium
336.0,0.7511022805711761,Medium
337.0,0.7489968782430158,Medium
338.0,0.7484701575128871,Medium
339.0,0.7447779157210688,Medium
340.0,0.7431955263817178,Medium
341.0,0.7400262490837144,Medium
342.0,0.7368569717857115,Medium
343.0,0.732625201667775,Medium
344.0,0.7320958481983624,Medium
345.0,0.7294490808512966,Medium
346.0,0.7262729600348174,Medium
347.0,0.7241524550420149,Medium
348.0,0.7214979372449396,Medium
349.0,0.7193743230072802,Medium
350.0,0.71565250463252,Medium
351.0,0.7140550660061079,Medium
352.0,0.7129901069218332,Medium
353.0,0.7119235547798409,Medium
354.0,0.7103237265668526,Medium
355.0,0.7076553429208461,Medium
356.0,0.7060518942586386,Medium
357.0,0.7039139627090286,Medium
358.0,0.7017744065913716,Medium
359.0,0.700703812530973,Medium
360.0,0.6974895748588122,Medium
361.0,0.6964181623014256,Medium
362.0,0.6953467497440385,Medium
363.0,0.6937371507862978,Medium
364.0,0.6905129657322951,Medium
365.0,0.6883635090296261,Medium
366.0,0.6846019597999562,Medium
367.0,0.6813752420004272,Medium
368.0,0.6792223976339171,Medium
369.0,0.6781451218248227,Medium
370.0,0.6754454995245649,Medium
371.0,0.671126103844152,Medium
372.0,0.6689646671167957,Medium
373.0,0.6662606870556931,Medium
374.0,0.6635523102790438,Medium
375.0,0.6608395044316235,Medium
376.0,0.6592091438121375,Medium
377.0,0.6581222367324798,Medium
378.0,0.6570344313825093,Medium
379.0,0.6554013714867779,Medium
380.0,0.6526796049938927,Medium
381.0,0.6510465450981614,Medium
382.0,0.6494121186251121,Medium
383.0,0.6483225009764118,Medium
384.0,0.6461395969327198,Medium
385.0,0.6439548476616033,Medium
386.0,0.6434063341627433,Medium
387.0,0.6434063341627433,Medium
388.0,0.6423074335066155,Medium
389.0,0.6401058656111345,Medium
390.0,0.6390003287102521,Medium
391.0,0.6367892549084866,Medium
392.0,0.6340254126562797,Medium
393.0,0.6334716786714267,Medium
394.0,0.6301463680222332,Medium
395.0,0.6279275427827182,Medium
396.0,0.6245963621844013,Medium
397.0,0.6229307718852426,Medium
398.0,0.6207080037429225,Medium
399.0,0.6184852356006022,Medium
400.0,0.6157067754227019,Medium
401.0,0.6145923740192223,Medium
402.0,0.6129177353979166,Medium
403.0,0.6084479615755072,Medium
404.0,0.6045333147639002,Medium
405.0,0.6028540555562224,Medium
406.0,0.6000526891270577,Medium
407.0,0.5983702984098792,Medium
408.0,0.59444103753852,Medium
409.0,0.5933183915752743,Medium
410.0,0.5921946825003214,Medium
411.0,0.5899472643504148,Medium
412.0,0.5893848742032742,Medium
413.0,0.586570237745761,Medium
414.0,0.5860073104542585,Medium
415.0,0.5815038921222371,Medium
416.0,0.5792521829562264,Medium
417.0,0.5769982834116499,Medium
418.0,0.5741781549492275,Medium
419.0,0.571358026486805,Medium
420.0,0.5685378980243827,Medium
421.0,0.5674098466394136,Medium
422.0,0.5645897181769909,Medium
423.0,0.561766769586106,Medium
424.0,0.5583724084405707,Medium
425.0,0.5549711551911864,Medium
426.0,0.5532705285664942,Medium
427.0,0.5515681577093664,Medium
428.0,0.5504309037759446,Medium
429.0,0.5487214910312992,Medium
430.0,0.5481516867830838,Medium
431.0,0.5447328612937921,Medium
432.0,0.5430198648746289,Medium
433.0,0.5413032583471008,Medium
434.0,0.5390096004727489,Medium
435.0,0.5390096004727489,Medium
436.0,0.5361394748046301,Medium
437.0,0.5338433742701345,Medium
438.0,0.5321212988692632,Medium
439.0,0.529822718744558,Medium
440.0,0.5269494935886763,Medium
441.0,0.5257976914168977,Medium
442.0,0.5217663838156733,Medium
443.0,0.5183071591715915,Medium
444.0,0.5125417847647887,Medium
445.0,0.5102330379865688,Medium
446.0,0.5067699178192394,Medium
447.0,0.5050363833227083,Medium
448.0,0.5027250039940004,Medium
449.0,0.5015693143296465,Medium
450.0,0.5004136246652923,Medium
451.0,0.4980968949214715,Medium
453.0,0.496357324857718,Medium
454.0,0.49519761148188246,Medium
455.0,0.492298328042293,Medium
457.0,0.4917184713543749,Medium
458.0,0.48997890129062127,Medium
459.0,0.4882393312268674,Medium
460.0,0.48649561932962865,Medium
461.0,0.4841651013927206,Medium
462.0,0.4812484441554152,Medium
463.0,0.48066440478143996,Medium
464.0,0.47891228665951474,Medium
465.0,0.47832681931641047,Medium
466.0,0.4730446826613824,Medium
467.0,0.47069706637025915,Medium
468.0,0.4689363541519164,Medium
470.0,0.46717564193357386,Medium
471.0,0.4642411215696697,Medium
472.0,0.46247818060168344,Medium
473.0,0.461302886623026,Medium
474.0,0.4595399456550401,Medium
476.0,0.4583646516763827,Medium
477.0,0.4566017107083965,Medium
478.0,0.45483649790926617,Medium
479.0,0.4530712851101354,Medium
480.0,0.4507115388335201,Medium
481.0,0.450120053874421,Medium
482.0,0.44775100095929254,Medium
483.0,0.4447857625423435,Medium
484.0,0.44122747644200466,Medium
485.0,0.43944593885206373,Medium
486.0,0.43825824712543665,Medium
487.0,0.43647429225247003,Medium
488.0,0.43349697784419955,Medium
489.0,0.431708131993398,Medium
490.0,0.4287267222420627,Medium
491.0,0.4269353849624998,Medium
492.0,0.42335271040337397,Medium
493.0,0.421561373123811,Medium
494.0,0.4185715761513014,Medium
495.0,0.41797276130702204,Medium
496.0,0.4161763167741838,Medium
497.0,0.4137810573970664,Medium
498.0,0.4107826439376676,Medium
499.0,0.4101820845167063,Medium
500.0,0.40537760914901433,Medium
501.0,0.40417649030709124,Medium
502.0,0.4029753714651683,Medium
503.0,0.40237481204420666,Medium
504.0,0.4011718978079008,Medium
505.0,0.40057044068974823,Medium
506.0,0.395758783744526,Medium
507.0,0.39395441239006757,Medium
508.0,0.3927514981537621,Medium
509.0,0.3897442125629981,Medium
510.0,0.38854129832669265,Medium
511.0,0.38793890871688397,Medium
512.0,0.38673225581263243,Medium
513.0,0.3861260924022678,Medium
514.0,0.3849137655815386,Medium
515.0,0.38309527535044485,Medium
516.0,0.3824881513007613,Medium
517.0,0.3806667791517101,Medium
518.0,0.37945059135889325,Medium
519.0,0.3782344035660762,Medium
520.0,0.3770162573388103,Medium
521.0,0.37336181865701246,Medium
522.0,0.3715345993161136,Medium
523.0,0.36848923374794873,Medium
524.0,0.36727108752068277,Medium
525.0,0.36544386817978375,Medium
526.0,0.36544386817978375,Medium
527.0,0.3636105377374105,Medium
528.0,0.36299942758995263,Medium
529.0,0.36116300552794584,Medium
530.0,0.357490161403933,Medium
531.0,0.3568780207165974,Medium
532.0,0.3562648282411391,Medium
533.0,0.35565163576568115,Medium
534.0,0.3519724809129328,Medium
535.0,0.35012969305474995,Medium
536.0,0.34890116781596137,Medium
537.0,0.3470583799577785,Medium
538.0,0.3464430282202646,Medium
539.0,0.3464430282202646,Medium
540.0,0.34582548271541574,Medium
541.0,0.34459039170571787,Medium
542.0,0.342737755191171,Medium
543.0,0.3415026641814732,Medium
544.0,0.3402675731717753,Medium
545.0,0.33903023654206005,Medium
546.0,0.33593689496777096,Medium
547.0,0.33469955833805537,Medium
549.0,0.33469955833805537,Medium
550.0,0.33284011634728833,Medium
551.0,0.3322203023503659,Medium
552.0,0.33097835729485053,Medium
553.0,0.32911543971157753,Medium
554.0,0.32849446718381986,Medium
555.0,0.32787349465606214,Medium
556.0,0.3247686320172738,Medium
557.0,0.32352430775667107,Medium
558.0,0.32227758595414063,Medium
559.0,0.32103086415161014,Medium
560.0,0.3179140596452837,Medium
561.0,0.3166673378427533,Medium
562.0,0.3129271724351616,Medium
563.0,0.311672955311173,Medium
564.0,0.3097916296251901,Medium
565.0,0.308532314057608,Medium
566.0,0.30727042320256653,Medium
567.0,0.3053697814095609,Medium
568.0,0.30220204508788506,Medium
569.0,0.3009349505592146,Medium
570.0,0.3003000666972751,Medium
571.0,0.29776053124951807,Medium
572.0,0.29585180989535426,Medium
573.0,0.29266375159906816,Medium
574.0,0.29202613993981097,Medium
575.0,0.28947569330278206,Medium
576.0,0.28883667411226827,Medium
577.0,0.287555801943256,Medium
579.0,0.28691536585874966,Medium
580.0,0.28563449368973753,Medium
581.0,0.2843536215207252,Medium
582.0,0.2837131854362191,Medium
583.0,0.28307274935171284,Medium
584.0,0.2805110050136884,Medium
586.0,0.27986910340038484,Medium
587.0,0.27664480497411303,Medium
588.0,0.27535508560360444,Medium
589.0,0.27341596528245204,Medium
590.0,0.27276959184206817,Medium
591.0,0.2721216830728472,Medium
593.0,0.2708258655344051,Medium
594.0,0.2688774780125748,Medium
596.0,0.2675754079011335,Medium
597.0,0.2669243728454132,Medium
598.0,0.2656191191884672,Medium
599.0,0.2636564163373208,Medium
600.0,0.26234794776989007,Medium
601.0,0.2603852449187437,Medium
602.0,0.25973101063502835,Medium
603.0,0.25842254206759746,Medium
604.0,0.257768307783882,Medium
607.0,0.256459839216451,Medium
608.0,0.2544870712224783,Medium
609.0,0.2538294818911541,Medium
610.0,0.2518567138971813,Medium
611.0,0.24856016005035952,Medium
612.0,0.24723803153945342,Medium
613.0,0.24525483877309404,Medium
614.0,0.24459377451764092,Medium
617.0,0.24261058175128183,Medium
618.0,0.24062738898492247,Medium
619.0,0.23996450361581817,Medium
620.0,0.23863506038248958,Medium
621.0,0.23664089553249668,Medium
622.0,0.23597430146057408,Medium
623.0,0.23530770738865153,Medium
624.0,0.23330792517288393,Medium
625.0,0.23196707502821223,Medium
626.0,0.23062622488354034,Medium
627.0,0.22928537473886856,Medium
628.0,0.22861298361060214,Medium
629.0,0.22659581022580258,Medium
630.0,0.22592341909753613,Medium
631.0,0.22525102796926963,Medium
633.0,0.22322781514319825,Medium
634.0,0.2225534108678411,Medium
636.0,0.22120460231712705,Medium
637.0,0.22052813564337437,Medium
638.0,0.2184924913143587,Medium
641.0,0.21781394320468672,Medium
642.0,0.21645684698534284,Medium
643.0,0.21577616507658381,Medium
644.0,0.21509548316782498,Medium
645.0,0.213734119350307,Medium
646.0,0.2116920736240302,Medium
648.0,0.21032631831032664,Medium
649.0,0.20964344065347496,Medium
650.0,0.2089605629966233,Medium
651.0,0.2062290523692165,Medium
652.0,0.204863297055513,Medium
653.0,0.204863297055513,Medium
657.0,0.204863297055513,Medium
659.0,0.20280091487039045,Medium
660.0,0.20211111584021918,Medium
661.0,0.2014213168100477,Medium
662.0,0.2014213168100477,Medium
663.0,0.2000369778628996,Medium
664.0,0.19934480838932553,Medium
665.0,0.19865263891575152,Medium
666.0,0.19796046944217735,Medium
667.0,0.19586194856469838,Medium
668.0,0.1930538919544519,Medium
669.0,0.19235187780189025,Medium
670.0,0.19164986364932857,Medium
672.0,0.1895360783884903,Medium
673.0,0.18882885421539897,Medium
674.0,0.18812163004230756,Medium
675.0,0.18741440586921612,Medium
677.0,0.18599995752303344,Medium
679.0,0.18529273334994198,Medium
680.0,0.1845855091768507,Medium
681.0,0.18246383665757648,Medium
683.0,0.18175661248448516,Medium
684.0,0.18034216413830229,Medium
688.0,0.17891087712133155,Medium
689.0,0.17891087712133155,Medium
691.0,0.17746804746712716,Medium
693.0,0.1767407194037372,Medium
694.0,0.1767407194037372,Medium
696.0,0.17600429973955503,Medium
698.0,0.17453146041119055,Medium
701.0,0.17305862108282602,Medium
702.0,0.17231905432606168,Medium
703.0,0.17157948756929753,Medium
705.0,0.17009395088038598,Medium
706.0,0.16935118253593012,Medium
708.0,0.1686084141914743,Medium
711.0,0.16786564584701846,Medium
712.0,0.1663801091581067,Medium
713.0,0.16489457246919506,Medium
714.0,0.16415180412473918,Medium
715.0,0.1634056595605358,Medium
716.0,0.16191337043212906,Medium
718.0,0.16116722586792573,Medium
720.0,0.16042108130372226,Medium
721.0,0.1596749367395189,Medium
722.0,0.1596749367395189,Medium
723.0,0.15742599396853968,Medium
724.0,0.15667634637821332,Medium
726.0,0.15592669878788695,Medium
727.0,0.15517705119756053,Medium
728.0,0.15442376454126172,Medium
730.0,0.1514106179160663,Medium
731.0,0.1514106179160663,Medium
732.0,0.1514106179160663,Medium
733.0,0.1506497605396037,Medium
734.0,0.1491203213463082,Medium
735.0,0.14759088215301275,Medium
736.0,0.14682217964179917,Medium
737.0,0.14605347713058556,Medium
740.0,0.14451607210815834,Medium
741.0,0.14297866708573118,Medium
742.0,0.14220996457451746,Medium
743.0,0.14220996457451746,Medium
744.0,0.14066420409001176,Medium
746.0,0.14066420409001176,Medium
747.0,0.14066420409001176,Medium
748.0,0.13987837054760946,Medium
749.0,0.13987837054760946,Medium
750.0,0.13829782398774956,Medium
751.0,0.13750300890736022,Medium
752.0,0.13511856366619213,Medium
754.0,0.13272000928158523,Medium
756.0,0.1319204911533828,Medium
758.0,0.13112097302518058,Medium
761.0,0.13032145489697822,Medium
765.0,0.13032145489697822,Medium
766.0,0.1295170014716883,Medium
768.0,0.1279080946211083,Medium
769.0,0.1279080946211083,Medium
771.0,0.1279080946211083,Medium
772.0,0.12627869214185858,Medium
773.0,0.1254639909022337,Medium
774.0,0.12301988718335898,Medium
775.0,0.12220518594373406,Medium
777.0,0.12220518594373406,Medium
778.0,0.12138501691055459,Medium
782.0,0.12056484787737518,Medium
783.0,0.11892450981101634,Medium
784.0,0.11810434077783695,Medium
787.0,0.11646400271147811,Medium
789.0,0.11564383367829868,Medium
792.0,0.11400349561193979,Medium
794.0,0.11318332657876044,Medium
796.0,0.11236315754558099,Medium
799.0,0.11071075816991062,Medium
802.0,0.1090583587942403,Medium
803.0,0.10823215910640514,Medium
805.0,0.10739960403635587,Medium
806.0,0.1065670489663066,Medium
807.0,0.10573449389625734,Medium
808.0,0.10573449389625734,Medium
812.0,0.10404274199391714,Medium
813.0,0.10318993263331128,Medium
815.0,0.10233712327270535,Medium
816.0,0.10233712327270535,Medium
818.0,0.10147714744688431,Medium
820.0,0.10061717162106323,Medium
821.0,0.09975719579524216,Medium
823.0,0.09889721996942112,Medium
824.0,0.09802970049600515,Medium
828.0,0.09716218102258911,Medium
830.0,0.09629466154917316,Medium
833.0,0.0954192555350897,Medium
834.0,0.0954192555350897,Medium
835.0,0.09452748679177113,Medium
838.0,0.09452748679177113,Medium
840.0,0.09452748679177113,Medium
844.0,0.09361856864954259,Medium
845.0,0.09270965050731397,Medium
846.0,0.09180073236508546,Medium
848.0,0.09089181422285691,Medium
849.0,0.09089181422285691,Medium
851.0,0.0890556159557285,Medium
855.0,0.0890556159557285,Medium
858.0,0.08811818841935241,Medium
859.0,0.08718076088297635,Medium
860.0,0.08624333334660025,Medium
861.0,0.08340014653297613,Medium
866.0,0.08340014653297613,Medium
867.0,0.08340014653297613,Medium
868.0,0.08243037738724389,Medium
872.0,0.08146060824151158,Medium
876.0,0.08049083909577934,Medium
877.0,0.07952106995004705,Medium
880.0,0.07855130080431479,Medium
883.0,0.07758153165858243,Medium
885.0,0.07661176251285019,Medium
886.0,0.07464735834585404,Medium
889.0,0.07366515626235594,Medium
895.0,0.07268295417885791,Medium
897.0,0.07170075209535978,Medium
900.0,0.07071855001186172,Medium
903.0,0.06973634792836364,Medium
905.0,0.06875414584486558,Medium
907.0,0.06775770894856319,Medium
911.0,0.06676127205226075,Medium
913.0,0.06576483515595834,Medium
914.0,0.06576483515595834,Medium
919.0,0.06475306846125128,Medium
920.0,0.06475306846125128,Medium
925.0,0.06372524197773938,Medium
928.0,0.06269741549422746,Medium
931.0,0.0616695890107155,Medium
932.0,0.060624341739347415,Medium
935.0,0.05957909446797938,Medium
937.0,0.057488599925243265,Medium
945.0,0.0564433526538752,Medium
946.0,0.0564433526538752,Medium
947.0,0.0564433526538752,Medium
949.0,0.055357903564377586,Medium
950.0,0.05427245447487998,Medium
952.0,0.05318700538538238,Medium
953.0,0.05207894277318689,Medium
967.0,0.05097088016099144,Medium
971.0,0.049862817548795964,Medium
973.0,0.049862817548795964,Medium
976.0,0.048729571695414246,Medium
977.0,0.048729571695414246,Medium
981.0,0.048729571695414246,Medium
988.0,0.048729571695414246,Medium
991.0,0.047511332403028884,Medium
994.0,0.04629309311064353,Medium
996.0,0.04629309311064353,Medium
1000.0,0.04629309311064353,Medium
1008.0,0.045007173857570096,Medium
1011.0,0.043721254604496676,Medium
1017.0,0.042396368101330115,Medium
1024.0,0.041071481598163546,Medium
1041.0,0.041071481598163546,Medium
1054.0,0.041071481598163546,Medium
1057.0,0.039655223612019966,Medium
1064.0,0.039655223612019966,Medium
1068.0,0.0381865116263896,Medium
1071.0,0.03671779964075922,Medium
1073.0,0.03524908765512886,Medium
1081.0,0.03524908765512886,Medium
1085.0,0.03524908765512886,Medium
1087.0,0.033646856398077546,Medium
1096.0,0.032044625141026226,Medium
1100.0,0.030442393883974916,Medium
1105.0,0.028840162626923602,Medium
1108.0,0.0272379313698723,Medium
1109.0,0.025635700112820983,Medium
1115.0,0.024033468855769673,Medium
1118.0,0.02082900634166705,Medium
1132.0,0.01762454382756443,Medium
1146.0,0.01762454382756443,Medium
1172.0,0.015862089444807992,Medium
1220.0,0.014099635062051544,Medium
1233.0,0.0123371806792951,Medium
1239.0,0.0123371806792951,Medium
1281.0,0.01028098389941258,Medium
1346.0,0.01028098389941258,Medium
1386.0,0.01028098389941258,Medium
1394.0,0.01028098389941258,Medium
1420.0,0.00514049194970629,Medium
1471.0,0.00514049194970629,Medium
0.0,1.0,High
181.0,1.0,High
182.0,1.0,High
183.0,1.0,High
184.0,1.0,High
185.0,0.9989785495403478,High
186.0,0.9989785495403478,High
188.0,0.997956053583807,High
189.0,0.997956053583807,High
190.0,0.997956053583807,High
191.0,0.997956053583807,High
193.0,0.997956053583807,High
196.0,0.997956053583807,High
199.0,0.9969251072474603,High
200.0,0.9969251072474603,High
202.0,0.9969251072474603,High
206.0,0.9969251072474603,High
208.0,0.9969251072474603,High
210.0,0.9969251072474603,High
211.0,0.995884475611503,High
213.0,0.995884475611503,High
214.0,0.9948427554487299,High
216.0,0.9938010352859566,High
223.0,0.9938010352859566,High
224.0,0.9938010352859566,High
226.0,0.9927560289397045,High
228.0,0.9927560289397045,High
230.0,0.9927560289397045,High
231.0,0.9927560289397045,High
232.0,0.9917043806039636,High
233.0,0.9906527322682224,High
234.0,0.9906527322682224,High
235.0,0.9906527322682224,High
237.0,0.9906527322682224,High
240.0,0.9906527322682224,High
241.0,0.9906527322682224,High
243.0,0.9906527322682224,High
247.0,0.9906527322682224,High
250.0,0.9895898001520551,High
251.0,0.9895898001520551,High
255.0,0.9895898001520551,High
259.0,0.9895898001520551,High
260.0,0.9895898001520551,High
263.0,0.9895898001520551,High
266.0,0.9895898001520551,High
267.0,0.9895898001520551,High
269.0,0.9895898001520551,High
270.0,0.9895898001520551,High
271.0,0.9895898001520551,High
275.0,0.9895898001520551,High
276.0,0.9895898001520551,High
278.0,0.9895898001520551,High
279.0,0.9874196470815465,High
285.0,0.9863345705462921,High
286.0,0.9863345705462921,High
287.0,0.9863345705462921,High
288.0,0.9863345705462921,High
291.0,0.9852446980926498,High
293.0,0.9841536186927691,High
295.0,0.9841536186927691,High
297.0,0.9841536186927691,High
299.0,0.9830588983160258,High
300.0,0.9819641779392815,High
301.0,0.9808694575625375,High
302.0,0.9797747371857939,High
303.0,0.9786800168090495,High
305.0,0.9786800168090495,High
306.0,0.9786800168090495,High
307.0,0.9764832042011733,High
308.0,0.9753847978972349,High
309.0,0.9753847978972349,High
313.0,0.9753847978972349,High
314.0,0.9753847978972349,High
315.0,0.9753847978972349,High
320.0,0.9742801718520516,High
321.0,0.9731742919748069,High
322.0,0.9720646291561358,High
323.0,0.9720646291561358,High
324.0,0.9720646291561358,High
325.0,0.9720646291561358,High
327.0,0.9720646291561358,High
329.0,0.970946027741687,High
330.0,0.9687088249127888,High
331.0,0.9675889303175138,High
332.0,0.9664677380459986,High
334.0,0.9653439383505961,High
335.0,0.9653439383505961,High
336.0,0.9653439383505961,High
337.0,0.9642162001048592,High
338.0,0.9630871413225348,High
339.0,0.9630871413225348,High
340.0,0.9619567573538471,High
341.0,0.9608250435216661,High
342.0,0.958558946720907,High
343.0,0.958558946720907,High
344.0,0.958558946720907,High
345.0,0.958558946720907,High
347.0,0.9574191620042352,High
349.0,0.9562793772875632,High
350.0,0.9551355024343479,High
351.0,0.9539902560285515,High
352.0,0.9528450096227546,High
354.0,0.9528450096227546,High
355.0,0.9516983850624378,High
357.0,0.9516983850624378,High
358.0,0.9516983850624378,High
360.0,0.949394030619188,High
362.0,0.949394030619188,High
364.0,0.9482390500466585,High
365.0,0.9470812490087499,High
366.0,0.9459234479708424,High
367.0,0.9447628057033931,High
368.0,0.9447628057033931,High
369.0,0.9436007358316796,High
370.0,0.9436007358316796,High
372.0,0.9424357966516405,High
373.0,0.9401059182915629,High
375.0,0.9401059182915629,High
377.0,0.9401059182915629,High
379.0,0.9401059182915629,High
380.0,0.9389322529753431,High
381.0,0.937758587659124,High
382.0,0.937758587659124,High
383.0,0.9365834515843631,High
384.0,0.9354083155096021,High
386.0,0.934231701276257,High
387.0,0.9307018585762207,High
388.0,0.9283486301095292,High
389.0,0.9283486301095292,High
390.0,0.9259864198547972,High
391.0,0.9259864198547972,High
392.0,0.9259864198547972,High
393.0,0.9248007778319358,High
398.0,0.9248007778319358,High
399.0,0.9248007778319358,High
401.0,0.9248007778319358,High
403.0,0.923607486505701,High
404.0,0.923607486505701,High
405.0,0.9224111037511595,High
406.0,0.920018338242078,High
407.0,0.920018338242078,High
408.0,0.920018338242078,High
409.0,0.9188188358454129,High
410.0,0.917619333448748,High
411.0,0.9164166868780423,High
414.0,0.9140113937366301,High
415.0,0.9140113937366301,High
418.0,0.9140113937366301,High
420.0,0.9140113937366301,High
421.0,0.911590171501566,High
422.0,0.9103795603840342,High
423.0,0.9091657209701888,High
424.0,0.907951881556344,High
425.0,0.9067380421424983,High
426.0,0.9055242027286525,High
427.0,0.9043087340001572,High
428.0,0.9030932652716627,High
430.0,0.9018777965431677,High
431.0,0.8982264694316572,High
432.0,0.8970077089575307,High
434.0,0.8957872903058876,High
435.0,0.8957872903058876,High
436.0,0.8957872903058876,High
439.0,0.8933397840482215,High
440.0,0.8921160309193884,High
441.0,0.8921160309193884,High
442.0,0.890888911206982,High
444.0,0.890888911206982,High
445.0,0.8884312866243421,High
448.0,0.8859736620417024,High
449.0,0.8847431430666445,High
450.0,0.8847431430666445,High
451.0,0.8847431430666445,High
453.0,0.8835057400693483,High
454.0,0.8822683370720527,High
456.0,0.8797900552263448,High
459.0,0.8785509143034905,High
460.0,0.8760726324577829,High
462.0,0.8760726324577829,High
463.0,0.8748299762415302,High
464.0,0.8735855523777438,High
466.0,0.871096704650172,High
467.0,0.8698522807863862,High
469.0,0.8686024930266353,High
470.0,0.8673490983758029,High
471.0,0.8660938898398025,High
472.0,0.8660938898398025,High
473.0,0.8660938898398025,High
474.0,0.8648276707026101,High
475.0,0.8648276707026101,High
477.0,0.8622915191756225,High
478.0,0.8610234434121293,High
480.0,0.8610234434121293,High
481.0,0.8610234434121293,High
482.0,0.8597478531255925,High
483.0,0.8584722628390562,High
484.0,0.8546454919794466,High
485.0,0.8533699016929105,High
486.0,0.8533699016929105,High
487.0,0.8520866386828457,High
488.0,0.8508014401327962,High
490.0,0.8508014401327962,High
491.0,0.8508014401327962,High
492.0,0.8482232539505759,High
493.0,0.8469321987695247,High
494.0,0.8456411435884738,High
495.0,0.8430590332263718,High
496.0,0.8417679780453209,High
498.0,0.8404749396765879,High
499.0,0.8404749396765879,High
500.0,0.8391799089528946,High
501.0,0.8365818287394184,High
502.0,0.8339756548181118,High
503.0,0.8326725678574584,High
504.0,0.8326725678574584,High
507.0,0.8300623090240496,High
508.0,0.8261469207739357,High
509.0,0.8209264031071185,High
510.0,0.8196191954588591,High
511.0,0.818311987810599,High
512.0,0.8170047801623391,High
513.0,0.8143903648658198,High
515.0,0.8130831572175601,High
516.0,0.8117738445650361,High
517.0,0.8078395609887916,High
519.0,0.8052167052712956,High
520.0,0.8025938495537998,High
522.0,0.8012802753319441,High
523.0,0.7999645441737636,High
526.0,0.798648813015583,High
527.0,0.7946951060204568,High
528.0,0.7920505299604885,High
529.0,0.7894059539005205,High
531.0,0.7880769876481627,High
532.0,0.7880769876481627,High
534.0,0.7880769876481627,High
536.0,0.7867435240480807,High
537.0,0.7854077965030076,High
538.0,0.7840675101608529,High
539.0,0.7813869374765419,High
541.0,0.780046651134387,High
543.0,0.7787063647922311,High
545.0,0.7760257921079211,High
546.0,0.7760257921079211,High
547.0,0.77467618203469,High
549.0,0.77467618203469,High
550.0,0.7719675240555481,High
551.0,0.7706131950659767,High
552.0,0.7692564816943811,High
554.0,0.7678997683227865,High
555.0,0.7665430549511917,High
556.0,0.7624729148364061,High
557.0,0.7624729148364061,High
558.0,0.7597546513254031,High
561.0,0.757031516374416,High
562.0,0.754308381423429,High
563.0,0.7515803221777748,High
564.0,0.7515803221777748,High
567.0,0.7488473028244017,High
568.0,0.7474807931477145,High
569.0,0.7433737558227268,High
570.0,0.7419996823369183,High
572.0,0.7406256088511093,High
574.0,0.7364957262738724,High
575.0,0.7337424712223812,High
576.0,0.7323658436966359,High
577.0,0.7323658436966359,High
579.0,0.7323658436966359,High
580.0,0.7282125402352185,High
584.0,0.724059236773801,High
585.0,0.7226748022866618,High
586.0,0.7226748022866618,High
587.0,0.7199006187846015,High
590.0,0.7185135270335715,High
591.0,0.7157393435315116,High
592.0,0.7143522517804817,High
593.0,0.7129651600294518,High
595.0,0.7088038847763612,High
596.0,0.706029701274301,High
597.0,0.706029701274301,High
599.0,0.706029701274301,High
600.0,0.7032335440415313,High
601.0,0.7018326804079824,High
603.0,0.7004318167744334,High
605.0,0.6990281457989335,High
609.0,0.6962151552725795,High
610.0,0.6934021647462254,High
611.0,0.6919899403781067,High
613.0,0.6905777160099886,High
614.0,0.6877474794689638,High
616.0,0.684911407388679,High
617.0,0.683490429365051,High
618.0,0.6792274952941675,High
619.0,0.6792274952941675,High
620.0,0.6778005467746417,High
621.0,0.676370587815201,High
622.0,0.6749406288557608,High
623.0,0.6735076338900374,High
625.0,0.6735076338900374,High
626.0,0.6706293961383701,High
627.0,0.6691902772625367,High
628.0,0.6677511583867035,High
629.0,0.6648729206350366,High
631.0,0.66199468288337,High
633.0,0.66199468288337,High
634.0,0.6605492796456335,High
635.0,0.6562130699324236,High
637.0,0.650431456981477,High
638.0,0.6489860537437404,High
639.0,0.6460952472682673,High
641.0,0.6446498440305305,High
643.0,0.6417590375550571,High
644.0,0.6417590375550571,High
646.0,0.6417590375550571,High
647.0,0.6374032069834168,High
649.0,0.635947948519984,High
650.0,0.6344926900565516,High
651.0,0.6344926900565516,High
654.0,0.6330307253329188,High
655.0,0.6315687606092866,High
656.0,0.6286448311620209,High
657.0,0.6257072384930399,High
658.0,0.6242349861671737,High
659.0,0.6227627338413074,High
661.0,0.6212904815154419,High
663.0,0.6212904815154419,High
664.0,0.6138941662593055,High
666.0,0.6109356401568515,High
667.0,0.6109356401568515,High
670.0,0.6094455532296397,High
671.0,0.6064580750275337,High
672.0,0.6064580750275337,High
673.0,0.6049606476817873,High
674.0,0.6034632203360397,High
675.0,0.6019657929902931,High
676.0,0.6019657929902931,High
679.0,0.5989634698332342,High
680.0,0.5944599850976459,High
681.0,0.5944599850976459,High
682.0,0.5944599850976459,High
683.0,0.5944599850976459,High
684.0,0.5914192690613406,High
685.0,0.5898989110431884,High
686.0,0.5898989110431884,High
689.0,0.5883706755223512,High
690.0,0.5853142044806762,High
691.0,0.5837859689598393,High
692.0,0.5807294979181646,High
693.0,0.5792012623973273,High
694.0,0.5776730268764902,High
695.0,0.5776730268764902,High
698.0,0.5761366624433079,High
699.0,0.5761366624433079,High
701.0,0.574592060131127,High
702.0,0.574592060131127,High
703.0,0.5699332055895237,High
710.0,0.5683802540756553,High
711.0,0.5683802540756553,High
712.0,0.5652572856466686,High
713.0,0.5621343172176813,High
714.0,0.5621343172176813,High
715.0,0.5621343172176813,High
716.0,0.5605597112870997,High
718.0,0.558971723436428,High
720.0,0.5573837355857563,High
721.0,0.5573837355857563,High
722.0,0.5573837355857563,High
723.0,0.5541895594505944,High
724.0,0.5525924713830137,High
726.0,0.5509953833154327,High
728.0,0.5509953833154327,High
729.0,0.5493889827809855,High
730.0,0.5477825822465384,High
731.0,0.5477825822465384,High
732.0,0.5461714570046364,High
734.0,0.544560331762735,High
738.0,0.5429492065208333,High
739.0,0.5413332862633308,High
740.0,0.5397125279212248,High
741.0,0.5364710112370132,High
744.0,0.5348502528949073,High
745.0,0.5332245682356525,High
746.0,0.531593912063678,High
749.0,0.5299632558917035,High
751.0,0.5283325997197289,High
752.0,0.5267019435477545,High
756.0,0.5267019435477545,High
757.0,0.5267019435477545,High
758.0,0.5267019435477545,High
759.0,0.5267019435477545,High
760.0,0.5250351652453881,High
761.0,0.5250351652453881,High
762.0,0.5233523602285758,High
763.0,0.5216695552117638,High
764.0,0.5216695552117638,High
765.0,0.5182820905675318,High
768.0,0.5165828050246875,High
769.0,0.5148835194818427,High
772.0,0.5114736948495127,High
773.0,0.5097687825333479,High
774.0,0.5097687825333479,High
775.0,0.5097687825333479,High
777.0,0.506335996118982,High
780.0,0.5046196029117987,High
781.0,0.5011751005028444,High
782.0,0.4994528492983671,High
783.0,0.496008346889413,High
784.0,0.4942860956849359,High
787.0,0.4942860956849359,High
788.0,0.49082954956126523,High
789.0,0.48909516952747994,High
792.0,0.4873546173227558,High
793.0,0.4873546173227558,High
794.0,0.4873546173227558,High
795.0,0.4855888397237607,High
796.0,0.4855888397237607,High
797.0,0.4855888397237607,High
799.0,0.4855888397237607,High
802.0,0.4855888397237607,High
803.0,0.4855888397237607,High
804.0,0.4837903625395985,High
806.0,0.4837903625395985,High
809.0,0.4819851746196747,High
810.0,0.47837479877982686,High
812.0,0.4765627730268731,High
813.0,0.474750747273919,High
814.0,0.4729387215209654,High
816.0,0.4729387215209654,High
822.0,0.47111972643819233,High
825.0,0.46564159008425976,High
828.0,0.4638011094910413,High
829.0,0.4638011094910413,High
830.0,0.4638011094910413,High
832.0,0.4619459050530772,High
834.0,0.4619459050530772,High
835.0,0.4619459050530772,High
836.0,0.45820545238058275,High
837.0,0.4544649997080879,High
838.0,0.4488543206993461,High
839.0,0.44698409436309905,High
841.0,0.44698409436309905,High
842.0,0.445106009933002,High
846.0,0.443227925502905,High
849.0,0.44134184922416936,High
852.0,0.4394557729454333,High
854.0,0.4394557729454333,High
856.0,0.4375533670019468,High
857.0,0.43565096105846013,High
859.0,0.4337485551149734,High
863.0,0.43183776852856387,High
864.0,0.43183776852856387,High
865.0,0.42990127629300967,High
866.0,0.42796478405745547,High
867.0,0.42409179958634746,High
868.0,0.42215530735079326,High
872.0,0.4202188151152393,High
874.0,0.4163458306441309,High
875.0,0.4144093384085768,High
878.0,0.41246375466017954,High
880.0,0.41246375466017954,High
883.0,0.41049964154275015,High
884.0,0.4065714153078912,High
886.0,0.4045881401112671,High
887.0,0.4026048649146433,High
896.0,0.4026048649146433,High
897.0,0.4005918405900702,High
898.0,0.398578816265497,High
899.0,0.3965657919409238,High
900.0,0.3965657919409238,High
901.0,0.39453212121302167,High
902.0,0.3924984504851195,High
903.0,0.3924984504851195,High
904.0,0.3904326691667768,High
906.0,0.388366887848434,High
911.0,0.388366887848434,High
912.0,0.38629005957116974,High
913.0,0.38629005957116974,High
916.0,0.3841906570735004,High
917.0,0.3841906570735004,High
918.0,0.3820797193972726,High
924.0,0.37995705428950993,High
926.0,0.3778343891817473,High
928.0,0.37569973161574866,High
929.0,0.3735650740497504,High
930.0,0.3714304164837517,High
932.0,0.3714304164837517,High
937.0,0.3714304164837517,High
947.0,0.36927093731814875,High
949.0,0.36927093731814875,High
950.0,0.3670987553339243,High
951.0,0.3670987553339243,High
954.0,0.36272853205613964,High
955.0,0.36272853205613964,High
957.0,0.36272853205613964,High
958.0,0.3605167727143338,High
961.0,0.3583050133725279,High
963.0,0.3583050133725279,High
967.0,0.3583050133725279,High
968.0,0.35606560703894974,High
969.0,0.35382620070537146,High
970.0,0.3471079817046366,High
971.0,0.34486857537105836,High
978.0,0.34262916903747986,High
979.0,0.3381503563703233,High
980.0,0.33589602066118796,High
983.0,0.33362645295401777,High
984.0,0.33135688524684764,High
986.0,0.33135688524684764,High
987.0,0.3290716653485936,High
995.0,0.32678644545033936,High
1001.0,0.32678644545033936,High
1002.0,0.32448513245421023,High
1003.0,0.32448513245421023,High
1004.0,0.32216738150810875,High
1005.0,0.3175318796159059,High
1006.0,0.31521412866980447,High
1008.0,0.3128963777237029,High
1011.0,0.3105786267776013,High
1013.0,0.3082608758314998,High
1018.0,0.30594312488539827,High
1019.0,0.3036253739392967,High
1022.0,0.30130762299319525,High
1023.0,0.29898987204709376,High
1028.0,0.2966721211009922,High
1029.0,0.29433612014744115,High
1030.0,0.29200011919389013,High
1032.0,0.289664118240339,High
1034.0,0.289664118240339,High
1035.0,0.2873091254091169,High
1036.0,0.2825991397466722,High
1037.0,0.2802243570597254,High
1039.0,0.2778495743727786,High
1042.0,0.27547479168583167,High
1043.0,0.2731000089988849,High
1044.0,0.2731000089988849,High
1049.0,0.2707043948848596,High
1052.0,0.26830878077083414,High
1053.0,0.26830878077083414,High
1055.0,0.2658696100365537,High
1056.0,0.2658696100365537,High
1060.0,0.2658696100365537,High
1064.0,0.2633848473259317,High
1067.0,0.2608764202085419,High
1069.0,0.2558595659737622,High
1070.0,0.2558595659737622,High
1075.0,0.25327512591342133,High
1082.0,0.2506906858530802,High
1083.0,0.2481062457927391,High
1086.0,0.2455218057323981,High
1087.0,0.2455218057323981,High
1088.0,0.2455218057323981,High
1090.0,0.24288178631592064,High
1096.0,0.24021275569706443,High
1099.0,0.23754372507820815,High
1101.0,0.234874694459352,High
1103.0,0.23220566384049562,High
1106.0,0.23220566384049562,High
1107.0,0.22950559798188536,High
1114.0,0.22680553212327484,High
1115.0,0.22680553212327484,High
1119.0,0.22407293535070524,High
1125.0,0.22407293535070524,High
1128.0,0.22407293535070524,High
1130.0,0.22407293535070524,High
1132.0,0.22123656908044315,High
1136.0,0.22123656908044315,High
1139.0,0.21836336688459315,High
1148.0,0.21549016468874319,High
1151.0,0.21261696249289344,High
1153.0,0.21261696249289344,High
1155.0,0.20970440136285384,High
1156.0,0.20675081824506722,High
1157.0,0.20675081824506722,High
1166.0,0.20375442957484885,High
1170.0,0.200713318685672,High
1172.0,0.19767220779649516,High
1174.0,0.1946310969073183,High
1181.0,0.1946310969073183,High
1185.0,0.191541714416726,High
1186.0,0.191541714416726,High
1191.0,0.191541714416726,High
1196.0,0.18834935250978066,High
1197.0,0.18834935250978066,High
1202.0,0.18510194988030176,High
1205.0,0.18185454725082284,High
1208.0,0.17860714462134383,High
1211.0,0.17535974199186483,High
1221.0,0.17535974199186483,High
1226.0,0.17535974199186483,High
1232.0,0.17535974199186483,High
1233.0,0.17192131567829882,High
1237.0,0.16848288936473285,High
1246.0,0.16504446305116693,High
1248.0,0.1616060367376009,High
1249.0,0.15816761042403496,High
1250.0,0.15472918411046896,High
1253.0,0.15129075779690296,High
1254.0,0.15129075779690296,High
1256.0,0.15129075779690296,High
1261.0,0.14768859689697672,High
1263.0,0.14408643599705043,High
1264.0,0.14048427509712416,High
1267.0,0.14048427509712416,High
1274.0,0.14048427509712416,High
1275.0,0.13668740279720187,High
1282.0,0.13668740279720187,High
1289.0,0.13278204843156757,High
1291.0,0.12887669406593322,High
1292.0,0.12887669406593322,High
1304.0,0.1248492973763728,High
1310.0,0.1248492973763728,High
1311.0,0.12068765413049372,High
1318.0,0.12068765413049372,High
1325.0,0.12068765413049372,High
1330.0,0.12068765413049372,High
1340.0,0.11604582127932085,High
1342.0,0.11604582127932085,High
1345.0,0.11604582127932085,High
1355.0,0.11604582127932085,High
1371.0,0.11604582127932085,High
1379.0,0.11604582127932085,High
1384.0,0.10993814647514608,High
1389.0,0.10993814647514608,High
1397.0,0.10993814647514608,High
1401.0,0.10306701232044946,High
1407.0,0.10306701232044946,High
1409.0,0.10306701232044946,High
1420.0,0.0951387806034918,High
1439.0,0.0951387806034918,High
1440.0,0.0951387806034918,High
1479.0,0.08562490254314263,High
1484.0,0.08562490254314263,High
1498.0,0.08562490254314263,High
1500.0,0.08562490254314263,High
1507.0,0.07135408545261883,High
1564.0,0.07135408545261883,High
1576.0,0.07135408545261883,High
1591.0,0.07135408545261883,High
1636.0,0.07135408545261883,High
1639.0,0.07135408545261883,High
